Name,Type,Latitude,Longitude
Chiropractic & Wellness Centres,Clinic,5.613932,-0.2098381
Dua Clinic,Clinic,5.5720758,-0.2025512
Dohamm Clinic Limited,Clinic,4.9304764,-1.7802097
Odorna Medical Center,Clinic,5.5590844,-0.2156089
Adabraka clinic,Clinic,5.5662728,-0.2095995
Ashaiman Poly Clinic,Clinic,5.6865054,-0.0397182
Tamale West Hospital,Hospital,9.4019248,-0.8508627
Medlab,Clinic,5.6015884,-0.1928943
Chansa CHPS,Clinic,10.5726862,-1.192668
Gbedembilisi CHPS,Clinic,10.327591,-1.2466083
Uwasa CHPS,Clinic,10.480188,-1.2284805
Wiesi CHPS,Clinic,10.3687564,-1.3360766
Lapaz Community Hospital,Hospital,5.6354204,-0.2153604
Sweden Ghana Medical Centre,Hospital,5.7250381,-0.1148981
Pong-Tamale CHPS Clinic,Clinic,9.6806869,-0.8300194
Ramona Clinic,Clinic,5.5609961,-0.1824485
UMaT Clinic,Clinic,5.2991043,-2.0005696
Unnamed Facility,Clinic,5.138849,-1.6632347
Rabbito Clinic,Clinic,4.8976961,-1.7639354
All Care Medical Center,Clinic,5.7080264,-0.0149194
Topview Diagnostic Center,Clinic,6.0061958,0.6158548
Tebrebe Clinic,Clinic,5.2727196,-2.0358216
Health Plus Clinic,Clinic,5.2852074,-2.0004705
Unnamed Facility,Clinic,7.3134112,-1.5788915
Lifebridge Physio Clinic,Clinic,5.5568986,-0.1784063
Ashaiman Community Hospital,Hospital,5.7108652,-0.0370839
New Crystal Hospital,Clinic,5.6902728,-0.0343304
Dar-bem Clinic,Clinic,5.683381,-0.0362583
St Florence Clinic,Clinic,5.6882259,-0.0327441
Afenyo Memorial Hospital,Clinic,5.6921057,-0.0342412
Okanta Clinic,Clinic,5.6868756,-0.0399833
Ngyiresi CHPS Compound,Clinic,5.3511022,-0.8436953
Solace Hospital,Clinic,5.6784823,-0.0281321
Adenta Clinic,Clinic,5.7060649,-0.1681089
Caiquo Hospital,Clinic,5.6529005,-0.0224658
Medical & Dental Council Ghana,Clinic,5.5523517,-0.2112043
Dansoman polyclinic,Clinic,5.5610799,-0.2600791
CHPS,Clinic,10.0688655,-0.8971085
Wassa Akropong Government Hospital,Clinic,5.7815423,-2.0838859
Anloga Avete Clinic,Clinic,5.7916311,0.8825777
Nat Herbal Clinic,Clinic,6.6342427,-0.7403711
Champion Divine,Clinic,5.6427452,-0.2494993
George & Angelina,Clinic,6.7433264,-1.458069
GHS,Clinic,5.3833164,-0.9250126
GHS (Chips Zone),Clinic,5.3301088,-0.8334708
Sanford Internal Clinic,Clinic,5.3390201,-0.9139165
Aburaso Health center,Hospital,6.6611852,-1.6769815
Christleads Medical Center,Clinic,5.6803825,-0.1762184
G.P.H.A Clinic Tema,Clinic,5.6326817,-0.0065233
Emmanuel Eye Clinic,Clinic,5.6304406,-0.1744333
Diagnostic Centre,Clinic,5.6317096,-0.1742594
Adawukwao CHIPS Compound,Clinic,5.6721049,-0.5151614
Aboso Clinic,Clinic,5.3658203,-1.9409662
Bogoso Clinic,Clinic,5.5695349,-2.0195425
Cocoa Clinic,Clinic,6.6839711,-1.6164051
St. Joseph's Hospital,Clinic,10.533558,-2.6997333
Chirano health center,Clinic,6.272812,-2.3192901
SIC Bob Freeman Clinic,Clinic,5.5543241,-0.208527
Opmann Clinic,Clinic,5.6081001,-0.2420194
Rinat Clinic,Clinic,5.6518739,-0.1312267
Prolife Chinese Acupuncture Clinic,Clinic,5.6601658,-0.1517444
Essiama Community Health Centre,Clinic,4.9357441,-2.3552129
Opoku Clinic,Clinic,7.3438349,-2.3286517
Healthlane Clinic,Clinic,7.3431512,-2.3274742
Healthnet Clinic,Clinic,5.5542568,-0.1718348
Duusi CHPS Compound,Clinic,10.7792563,-0.6931646
Kamgbunli Clinic,Clinic,4.9771869,-2.415183
Brahabebome Clinic,Clinic,5.3100143,-1.9992819
Unnamed Facility,Clinic,5.3065028,-1.9913305
Nature Health Care Center,Clinic,5.3144182,-1.9905213
Nurse's quarters,Clinic,9.2139947,-1.8563603
Oak Tree Medical Services,Clinic,5.115063,-1.2748188
Hoggar Clinic Limited,Clinic,6.1296038,0.7957311
Dr. Mensah,Clinic,6.69986,-1.6191897
Gemar Hospital,Clinic,4.8904665,-1.9548466
Peposo CHPS,Clinic,5.3309311,-2.1456792
Prestea CHPS,Clinic,5.4378607,-2.1439981
Polyclinic,Clinic,5.6128857,-0.0889658
Quality Care,Clinic,5.6377095,-0.1619128
Urban Medical Research Center,Clinic,5.6812542,-0.195842
St. Mary’s Eye Clinic,Clinic,7.586238,-2.7854284
St. Edward's Clinic,Clinic,6.6897916,-1.6101034
Nyaho Medical Centre,Hospital,5.5514896,-0.2039394
Providence Medical Centre,Clinic,6.0784731,-0.2713897
Newlands Medical Centre,Clinic,6.0824943,-0.2753886
Abura Clinic,Clinic,5.1311773,-1.2727752
Port Medical Centre,Clinic,5.6426385,0.0014169
Addis Medical Laboratory,Clinic,7.3330164,-2.3215114
Eastwing Clinic,Clinic,5.7563962,-0.006262
Omari Medical Centre,Clinic,5.7722671,-0.0050862
Codia Clinic,Clinic,5.7545405,0.0469545
Emergency Response Center,Clinic,6.0923914,1.0741066
Club Road Clinic,Clinic,5.5444776,-0.2063852
Kpeve New Town Health Center,Clinic,6.6781445,0.3142734
Oman Clinic,Clinic,6.0978372,-0.2608407
Quantum Medical Centre and Eye Clinic,Clinic,5.5674737,-0.2573862
Kotoku Clinic,Clinic,5.7363698,-0.3594848
CDC Hospital (Cosmas- Damien Clinic),Clinic,6.0882694,-0.260182
Edward Attah Asare,Clinic,5.6136103,-0.240192
Koforidua Clinic,Clinic,6.0884965,-0.2686479
TMA Maternity and Children's Clinic,Clinic,5.6477156,-0.0026608
Edith's Maternity Home,Clinic,5.7554668,-0.328976
Dr Asomani Clinic,Clinic,6.0822777,-0.2607538
Atekyem Medical Center,Clinic,6.0785084,-0.2690214
All Faith Clinic,Clinic,5.5429511,-0.3350059
Bonna O- A Memorial Clinic,Clinic,6.0944242,-0.2557173
Our Lady of Faith Clinic,Clinic,4.9278743,-1.7689029
Samsam Community Clinic,Clinic,5.7775789,-0.3002303
Inter-Star Eye Clinic,Clinic,5.6464588,-0.1550017
St Moses Clinic,Clinic,5.6886522,-0.2858896
Acheampong Specialist Clinic,Clinic,5.5616954,-0.1725763
Emergency Unit,Clinic,5.3411207,-0.7516456
Patbrenda Clinic & Laboratory,Clinic,6.1070286,-0.2476782
Safeline Medical Laboratory,Clinic,6.0939689,-0.2588954
Unnamed Facility,Clinic,5.5690457,-0.1475528
BJ Medical Centre,Clinic,5.6306277,-0.2609306
Bezzaleel Diagnostic Clinic,Clinic,6.0926275,-0.2600396
DIS Clinic,Clinic,5.1307488,-1.2756277
Salgyin Medical Center,Clinic,5.1395712,-1.2818985
Greenfield,Clinic,5.6188111,-0.0909657
Unnamed Facility,Clinic,7.39112,-1.9331348
Divine Clinic,Clinic,10.3115232,-0.0932731
Unnamed Facility,Clinic,9.2067678,0.020876
Unnamed Facility,Clinic,9.8084411,-0.1146342
Foresight Medical Center,Clinic,6.6169434,0.4635366
Sanford clinic,Clinic,5.1131333,-1.2412593
Pro-Life Medical Center,Clinic,5.5851472,-0.1312636
Efan Victory Clinic,Clinic,5.6243857,-0.0909543
Lucky Herbal Center,Clinic,5.1346126,-1.27704
Darpong Clinic,Clinic,5.6281043,-0.0887588
Unnamed Facility,Clinic,9.4218691,-0.8687112
God Cares Community Hospital,Clinic,9.4039648,-0.9115151
GBC Clinic,Clinic,5.5755888,-0.1941216
Fuo Community Hospital,Clinic,9.4227462,-0.8074925
Habana Medical Service,Clinic,9.4586403,-0.8422097
Chiraa Health Center,Clinic,7.4034605,-2.1827318
Nkwaeso Health Center,Clinic,7.5504484,-1.9899652
Amerilife Spine Clinic,Clinic,6.693929,-1.6458691
Nkwaeso Health Center,Clinic,7.6304082,-1.86511
Christian Medical Service Clinic,Clinic,5.5832145,-0.1050135
Dr. Mensah Herbal Clinic & Shop,Clinic,5.6805873,-0.1731334
Medical & Dental Clini6,Clinic,5.6264187,-0.1537796
La Medicare Ltd,Clinic,5.5577702,-0.1555304
Zonno Chps,Clinic,10.782864,-0.7817848
Airport Clinic Limited,Clinic,5.608267,-0.1709184
Airport Clinic Limited,Clinic,5.6074867,-0.1712902
The Oak Street Clinic & Laboratory,Clinic,5.5908627,-0.0992313
Justab Clinic,Clinic,5.5331968,-0.4290605
Dons Medical Services,Clinic,5.5824186,-0.1983361
New Cross Clinic and Medical,Clinic,5.5823822,-0.1992897
Vision Clinic,Clinic,5.5820843,-0.2012944
Royal Star Clinic and Diagnostic Center,Clinic,5.5904306,-0.2038729
Layfa Clinic,Clinic,5.5815693,-0.1973069
The Oak Street Clinic,Clinic,5.5906987,-0.0992568
Sina Zuwina Herbal Center,Clinic,5.5814972,-0.201922
Unnamed Facility,Clinic,5.5541261,-0.2085015
Zak-med Clinic,Clinic,5.5832245,-0.2077552
Lifeview Medical Laboratory and Ultra Scan centre,Clinic,5.5916186,-0.2045513
Anglican Medical Center,Clinic,5.6972601,-0.2811363
Namolgo Clinic,Clinic,10.7373492,-0.7213148
Save the Nation's Sight Clinic,Clinic,5.6584216,-0.155802
Amamorley Health Centre,Clinic,5.6634783,-0.2968717
Be im Chips Compound,Clinic,8.0019431,-1.4694021
Mini Clinic,Clinic,5.6674754,-0.1856644
Kumfia Healthcare,Clinic,7.779132,-1.2251245
Kumfia Healthcare,Clinic,7.7794723,-1.2247689
Fakwasi,Clinic,7.7763431,-1.3342887
Asubingya chip compounds,Clinic,7.7429908,-2.0629199
Kunsu chip compound,Clinic,8.1468817,-1.512622
Manchala chip co,Clinic,8.1697297,-1.8943225
Dumso Bethel CHPS,Clinic,7.8937996,-1.6576387
Dantano chips compound,Clinic,6.7228836,-2.4348178
Pafo Nkwanta CHPS Compound,Clinic,6.5106386,-2.4339787
Unnamed Facility,Clinic,6.5297009,-2.4162856
Asarekrom CHPS,Clinic,6.5762288,-2.6390223
Mw,Clinic,7.2206418,-2.6417699
Nwawasua Chips compound,Clinic,7.2923522,-2.4031177
Nkyenkyemam CHPS Compound,Clinic,7.4817648,-2.7851598
Bodaa chips compound,Clinic,7.7813696,-2.8200144
Dawiri CHPS Compound,Clinic,7.8268181,-2.682561
Tiadene chips compound,Clinic,7.6708923,-2.4085644
Gyau CHPS Compound,Clinic,7.8572394,-2.3531534
Mansion chips compound,Clinic,7.1176474,-1.9861942
Asuboi chips compound,Clinic,7.2994445,-2.0487166
Adaa CHPS Compound,Clinic,7.2445264,-1.8550088
Osu Maternity Home Hospital,Hospital,5.553747,-0.185228
Neptune Medical Centre,Hospital,5.6494797,-0.0748858
Kwapraw CHP,Clinic,5.1235877,-1.2978729
University Clinic,Clinic,5.3693302,-0.629966
Klimovic Clinic,Clinic,5.3660913,-0.6373014
st joseph's clinic an maternity home,Clinic,6.6519796,-0.6662393
Pentecost Clinic,Clinic,8.4934042,0.3041947
Sibi Central CHPS Compound,Clinic,8.6114246,0.2313459
Students Clinic,Clinic,5.1169225,-1.2912532
SDA Hospital,Hospital,6.19789,-1.63915
Elubo Health Center,Clinic,5.2868169,-2.7713319
Frontier Clinic,Clinic,5.2894878,-2.7748077
Asesewa Government Hospital,Hospital,6.4017208,-0.146631
Isaac Opuni License Chemical,Clinic,5.751076,-0.1842713
Life Health Care,Clinic,5.6385411,-0.2415966
Givers Scientic Herbal Clinic,Clinic,5.6078705,-0.1275719
Nsuakyire Community Clinic,Clinic,5.3692264,-0.5845995
Gyangyazie Community clinic,Clinic,5.3962889,-0.576581
Larabanga Health Clinic,Clinic,9.2138807,-1.8568477
Agbogba Community Clinic,Clinic,5.6949529,-0.2012443
Apenamadi chips compound,Clinic,6.9264342,-2.4563998
Mankranso Government Hospital,Hospital,6.8210441,-1.8627434
Tanoso community hospital,Hospital,6.698235,-1.7004398
Medline,Clinic,5.6453133,-0.2475544
Adaklu Ahunda Health Centre,Clinic,6.2884718,0.5447816
Unnamed Facility,Hospital,6.5178085,0.4976908
Aiyinase Clinic,Hospital,5.0433587,-2.4650394
Nana Benie Memorial Health Centre,Hospital,5.0494087,-2.4797998
Enape Clinic,Clinic,7.6329432,-1.91397
West Gonja Hospital,Hospital,9.0635758,-1.7992513
Unnamed Facility,Clinic,5.6720409,-0.2043342
Penbrose Clinic,Clinic,5.6482781,-0.2283482
Unnamed Facility,Clinic,5.6207118,-0.2255232
Anyinasuso Health Centre,Clinic,6.9590279,-2.100323
Ekebaku Health Centre,Clinic,4.9832476,-2.5690692
Buipe Health Center,Clinic,8.7837394,-1.4691558
Unnamed Facility,Hospital,5.561609,-0.2141144
Queensville West Medical Diagnostic,Clinic,4.9387659,-2.3513415
Linfam Medical Centre,Clinic,4.9384975,-2.3514722
Nzema Baptist Hospital,Hospital,5.0756155,-2.5424768
Top Herbal Clinic,Clinic,5.6828351,-0.1935029
Accra West Medical Centre,Hospital,5.5463886,-0.3262091
Unnamed Facility,Hospital,5.5534886,-0.3232397
Wegbe Kpalime Health Centre,Hospital,6.6544992,0.3431017
Maryland Clinic,Clinic,6.18275,-0.472341
Shalina,Clinic,5.5660003,-0.2103476
Mother-Love Hospital,Hospital,5.7165452,-0.1663593
Dawa CHPS compound,Hospital,5.8646901,0.28651
Tsibu Health Center,Hospital,6.5785123,0.2786247
Medifem Multi-Specialist Hospital & Fertility Centre,Hospital,5.6585279,-0.2060705
Central Kasoa Clinic - Annex,Clinic,5.4846975,-0.4201227
Village of Hope Clinic,Clinic,5.4310649,-0.4764993
St. Gregory Catholic Hospital,Hospital,5.5238733,-0.4753579
Roman Trust Clinic,Clinic,5.5049824,-0.4570707
Moore Health Centre,Clinic,5.1364522,-1.1991666
Forever Homeopathic Clinic,Clinic,5.8157087,-2.8256604
Stanford Health,Hospital,5.2651828,-1.0203137
Citadel Hospital,Hospital,5.5964844,-0.2168298
Jubail Specialist Hospital,Hospital,5.6256371,-0.052081
Atta Mills Clinic,Clinic,5.1423082,-1.244005
Denyase CHPS Compound,Clinic,5.8540204,-1.801722
Marie Stopes,Clinic,5.5771803,-0.2137475
Yonkofa Health Center,Clinic,5.7764802,-2.661228
Presbyterian Health Service Enchi,Clinic,5.808526,-2.8342435
Unnamed Facility,Clinic,6.5527816,0.6581066
HOPE Health Center,Clinic,6.5837947,0.457606
CCTU Clinic,Clinic,5.1536489,-1.2783217
Unnamed Facility,Clinic,5.6153356,-2.7332271
New Tafo Government Hospital,Hospital,6.2308156,-0.3660381
Anomangye Specialist Hospital,Clinic,6.7240929,-1.6399322
Nsuta Polyclinic,Clinic,7.0083969,-1.3816722
Donkorkrom Presbyterian Hospital,Hospital,7.0486365,-0.0767851
Unnamed Facility,Clinic,5.8341252,-2.665354
Kwahu Afram Plains North District Helalth Directorate,Hospital,7.0470736,-0.0846019
Presbyterian Eye Clinic,Hospital,7.0493041,-0.0774028
Bruben Health Centre,Clinic,6.8528062,-0.0194326
Power House Hospital,Hospital,6.7297338,-1.6202898
Shia Health Centre,Clinic,6.7944594,0.5618647
Tanyigbe CHPS Compound,Clinic,6.695584,0.5214396
Roseth community eye care,Hospital,6.7176919,-1.4656783
Honuta CHPs Compound,Clinic,6.846869,0.5186765
Vane Health Centre,Clinic,6.8251661,0.4194629
Ameco Clinic,Clinic,6.8438867,0.4380732
St Francis Clinic,Clinic,6.7784318,0.4181632
Saviefe Agorkpo R.C.H Clinic,Clinic,6.7804754,0.4118171
Bodomase Clinic,Hospital,6.8898446,-1.2519242
General Family Hospital,Hospital,5.7243467,-0.0579181
Kwamikrom Health Centre,Clinic,7.2963697,0.3308271
Bodada Health Centre,Clinic,7.3578678,0.4895361
Jasikan District Hospital,Hospital,7.4016712,0.4638923
Abotoase Health Centre,Clinic,7.4064593,0.3032677
Kedjebi Health Centre,Clinic,7.5341706,0.4742815
Katanga CHPs Compound,Clinic,7.6585713,0.3332999
Asukawkaw Health Centre,Clinic,7.6882864,0.3663789
Ahamasu Health Centre,Clinic,7.7255265,0.5502959
Poase Cement Health Centre,Clinic,7.6507641,0.5198688
Pusupu Health Centre,Clinic,8.0520364,0.4905789
Obanda CHPS Compound,Clinic,7.9431833,0.5106067
Asato-Wawaso CHPS Compound,Clinic,7.6545297,0.4441794
Jumbo no 2 CHPs Compound,Clinic,8.507275,0.4364925
Bonakye CHPs Compound,Clinic,8.4005857,0.4033496
Hon Kofi Adjei Ntim Clinic,Clinic,7.53785,0.4638134
Kpongka Health Centre,Clinic,7.7500442,0.4515143
Abubruwa CHPS Compound,Clinic,7.9330107,0.5377045
Faith Maternity Clinic,Clinic,7.5977703,0.5076105
Rabito Clinic,Clinic,10.0742319,-2.5097067
UBIDS Hospital,Hospital,9.9906544,-2.4747012
Classic Diagnostic & Medical Clinic,Clinic,5.7045526,-0.2017476
Bussie Health Centre,Clinic,10.490573,-2.5007604
Moree Health Centre,Clinic,5.1415989,-1.1937171
Adowa Boatemaa Memorial Clinic,Clinic,5.5330576,-0.2373638
St Patrick Hospital,Hospital,6.9986394,0.2870534
Bomso Clinic,Clinic,6.6846225,-1.5789128
Dr Grace Momfi Eye Hospital,Hospital,7.0538252,0.4268626
Likpe Bakua Polyclinic,Hospital,7.1627998,0.5824888
"St. George Polyclinic, Liate",Clinic,6.9854656,0.4895817
James Town Usher Clinic,Clinic,5.5403333,-0.2129899
Homeland Clinic,Clinic,10.0519176,-2.5390234
Atta Quarshie Merton Memorial Hospital,Hospital,5.5619488,-0.2137769
Sogakope Government Hospital,Hospital,6.0013869,0.5949088
Diamed Diagnostical and Treatment Center,Clinic,5.6390968,-0.1774079
Danfa Clinic,Clinic,5.7894523,-0.1595359
Metro Health Hospital,Hospital,6.7088582,-1.637644
McHenly's Medical Centre,Hospital,5.632815,-0.1669205
Star of Hope Hospital,Hospital,6.5054442,-2.4999113
Geomond Eye Centre,Clinic,5.6175006,-0.0787279
Redeemer Hospital,Hospital,5.2842836,-2.0057638
Dr. Forkuo Herbal Clinic,Clinic,5.2858419,-1.9962102
Unnamed Facility,Clinic,7.069111,-2.3239594
Three Stone Hospital,Hospital,6.7156091,-1.6143899
Unnamed Facility,Hospital,6.692788,-1.7907041
Frimpong Boateng Medical Center,Hospital,6.6615016,-1.8205251
Ahwiaso Community Hospital,Hospital,6.3157621,-2.2501706
St. Lucy Eye Clinic,Clinic,5.6345944,-0.0637832
Lebanon Community Hospital,Hospital,5.720567,-0.0578471
Clinic,Clinic,5.6835098,-1.4960854
Eye Clinic,Clinic,10.0576027,-2.4978621
At Jude Clinic,Clinic,10.8941505,-1.0885918
Nogokpo CHPS Compound,Clinic,6.0922432,1.0746767
Zion Praise Hospital,Hospital,6.8417548,-1.5135318
Nkwankwaa Health Centre,Clinic,7.2179158,-1.79409
Atasomanso hospital,Hospital,6.6521749,-1.6332336
Amen Scientific Herbal Clinic,Clinic,5.8038321,-2.8246973
Unnamed Facility,Clinic,5.8275088,-2.8205674
Yizura Hospital,Hospital,8.0467708,-1.7276745
Twifo Praso Polyclinic,Clinic,5.6107566,-1.5489556
Mmaa Baasa CHPS Compound,Clinic,5.6520981,-1.5721956
Medcare Plus Clinic,Clinic,5.7130107,-0.2057906
Sonotech Medical Center,Clinic,5.5452872,-0.3447896
Methodist Hospital,Hospital,5.5552366,-1.5437239
Tiawiah CHPS Compound,Clinic,6.4138806,-0.8676785
Hass West Africa Hearing Clinic,Clinic,5.5714423,-0.2360584
Wellmark Specialist Hospital,Hospital,5.681192,-0.1933658
Bloom physiotherapy clinic,Clinic,5.5712999,-0.2365437
Global Star HealthCenter,Clinic,5.6753628,-0.1818852
Unnamed Facility,Clinic,5.7353389,-0.2032038
Inkoom Hospital,Hospital,5.6337052,-0.0983326
Essaso CHPS compound,Clinic,5.7645167,-0.6977078
Unnamed Facility,Clinic,5.5467418,-1.5469131
St.florence maternal clinic,Clinic,5.6060038,-1.5500687
Albany Specialist Clinic,Clinic,5.6701424,-0.1838431
Expert's Hand Clinic,Clinic,5.677701,-0.1795796
Unity Medical Center,Clinic,5.6777476,-0.1755571
Bemuah Royal Hospital,Hospital,5.6459731,-0.1568956
Cosmopolitan Health,Clinic,5.6445739,-0.1554561
Achimfo Chips,Clinic,5.7842722,-2.7227839
Agogo Presbyterian hospital,Hospital,6.7965698,-1.0855078
KMA Clinic,Clinic,6.6850947,-1.6229761
Royal Medical Agency Clinic,Clinic,6.6991235,-1.6131289
Unnamed Facility,Hospital,9.8262678,-2.6839137
Kakumdo CHPS Compound,Clinic,5.1426532,-1.2869616
St. Andrew Catholic Hospital,Hospital,5.9244617,0.0176784
Opoku Agyemang Hospital,Hospital,7.5625319,-1.9370078
Alpha and Omega Chiropractic Health Care,Hospital,5.6478002,-0.0733104
Valley View Clinic,Clinic,5.6151555,-0.1982836
MMC Polyclinic,Clinic,5.6120216,-0.1938669
Van J Eye Care,Clinic,5.6126394,-0.1982344
Owusu Memorial Hospital,Hospital,7.3271126,-2.332524
Unnamed Facility,Clinic,5.6933633,-2.653375
Landmark Medical Center,Hospital,5.6535323,-0.075951
Unnamed Facility,Hospital,9.7107233,0.3199154
Scanport Healthcare and Medical Imaging,Hospital,5.5328819,-0.2372229
Unnamed Facility,Hospital,9.6699604,0.1956762
Unnamed Facility,Hospital,9.6709789,0.2478952
Graceland Specialist Hospital,Hospital,6.6624402,-1.5293751
Efan Victory Clinic,Clinic,5.5985308,-0.1988063
Yilo Krobo District Hospital,Hospital,6.0699971,-0.029313
Fountain Medical Services,Hospital,6.5959653,0.5180955
Kama CHPS Compound,Clinic,6.2933476,-2.7147583
Torgorne Health Centre,Clinic,6.1170569,0.13749
Mac Hill Special Clinic,Clinic,6.6732582,-1.6311486
Unnamed Facility,Hospital,6.6919796,-1.7894229
Buterisa CHIPS Compound,Clinic,10.4813523,-1.2795267
Victory Martenity/Clinic,Clinic,6.6880015,-1.5758561
King Medical Consult,Hospital,6.6639225,-1.6433981
peace And love Hospital,Hospital,6.7061049,-1.5306523
CD SPECIALIST HOSPITAL,Hospital,6.6777774,-1.6352316
Ga North Municipal Hospital,Hospital,5.6553167,-0.2778011
Speed Hospital,Hospital,5.7478647,-0.029493
Abomosu Hospital,Hospital,6.3007816,-0.734213
Abomosu Clinic,Hospital,6.3001218,-0.7342024
Mauplus Health Care Service,Hospital,9.407349,-0.8375556
School Infirmary,Clinic,5.1167955,-1.2500586
Ewim Health Clinic,Clinic,5.115015,-1.244858
MEDIMAFO Herbal Hope,Hospital,5.7180502,-0.2824956
Clinic,Clinic,5.4908372,-1.5329901
St. Kathryn's Hospital,Hospital,5.5876402,-0.2314676
Greenville Hospital,Hospital,5.7288187,0.0348352
Ankaako CHPS Compound,Clinic,5.3891941,-1.4548716
Buya Health Centre,Clinic,8.3752549,-0.0509579
Celestial Medicare Clinic,Clinic,5.6011106,-0.1205109
PPAG Cape Coast Clinic,Clinic,5.1357195,-1.2769047
University Health Clinic,Clinic,9.3907167,-0.8171514
B.A. Fuseini Memorial Clinic,Clinic,9.3839717,-0.8145347
Maakro Clinic,Clinic,6.6988856,-1.7297992
NEUROCARE SPECIALIST SERVICE,Hospital,6.6481752,-1.6425177
Hospital Bungalow,Hospital,6.0676308,0.4005722
Hangaline- Chps Facility,Clinic,9.0765569,-1.8169189
JAG'S Clinic & Laboratory Services LTD,Clinic,9.0670837,-1.8083469
MMA LUCIA'S CLINIC/ MATERNITY HOME ( SISTER VIRGIN),Clinic,9.0674564,-1.8080524
MMA LUCIA'S CLINIC MATERNITY HOME (SISTER VIRGIN),Clinic,9.0675932,-1.8080444
Damongo Health Centre,Hospital,9.0822717,-1.8182024
Damongo Health Centre,Hospital,9.0822819,-1.818583
Achievers Medical Centre/Pharmacy,Clinic,6.6252406,-1.2075522
CHPS Compound,Clinic,6.4507913,-2.9733155
Siloam Hospital,Hospital,6.7000574,-1.6608735
"S.D.A. Hospital, Kwadaso",Hospital,6.6996795,-1.6585978
Ga Health Center,Clinic,9.79787,-2.4957016
Bramkurom CHPS Compound,Clinic,6.515554,-0.8907326
saboba gov't hospital,Hospital,9.7077503,0.2996998
Unnamed Facility,Hospital,9.7082103,0.2989421
saboba government hospital,Hospital,9.7079195,0.299158
kofiase health clinic,Clinic,7.1412636,-1.4834676
Narkwa Polyclinic,Clinic,5.2076954,-0.9392389
Unnamed Facility,Hospital,8.0451408,-1.7294138
Unnamed Facility,Hospital,8.0451647,-1.7294245
Huni- Valley Clinic,Clinic,5.4720102,-1.9132848
AIMS Hospital,Hospital,5.6060797,-0.2254035
Unnamed Facility,Hospital,5.6060615,-0.225648
Hain Polyclinic,Hospital,10.6925153,-2.4359607
Resolve Medical Hospital,Hospital,5.6355198,-0.0784421
Cape Coast Health And Wellness Center,Hospital,5.1084068,-1.2472647
Nandom Hospital,Hospital,10.8389883,-2.7729897
matflex physiotherapy center,Hospital,6.7453933,-1.6181887
Sahara Herbal clinic,Clinic,5.2569192,-1.0219939
CITI PHYSIOTHERAPY AND REHABILITATION CENTRE,Hospital,5.5374094,-0.4180654
Magazine Clinic,Clinic,6.6932749,-1.6357116
Busa Health Centre,Clinic,10.0205722,-2.3909158
Naboro Health Centre,Clinic,10.9323625,-0.9784818
CHPS Gonum,Clinic,10.920852,-1.0050586
Kandiga Atiyorum Health Facility,Clinic,10.8608087,-0.9791991
divine grace hospital,Hospital,6.8459841,-1.4059779
Kpongu Health Center,Clinic,9.9928674,-2.5166887
Unnamed Facility,Hospital,6.040978,-0.4435667
HEALTH CENTER,Hospital,5.9132585,-2.1250455
north campus,Hospital,5.3700774,-0.6296252
Trust Clinic Dome,Clinic,5.646857,-0.244899
Bliss Eye Care,Clinic,10.0535844,-2.5010303
Nkrankwanta Government Hospital,Hospital,7.0199354,-3.0528077
Massakrom CHPS,Clinic,6.9216504,-3.1660639
Unnamed Facility,Hospital,6.8328495,-1.5050376
Atwedie CHPS,Hospital,7.0270047,-2.4775402
Essam Government Hospital,Hospital,6.6716187,-3.105448
